ÖÐÎÄÃû,À­¶¡Ãû,×é×°°æ±¾,ÊÇ·ñ¹«¿ª,gene_id,gene_name,download_url
ÂÌÍ·Ñ¼,Anas_platyrhynchos,BGI_duck_1.0,public,ENSAPLG00000016450,RETSAT,ftp://ftp.ensembl.org/pub/release-74/fasta/anas_platyrhynchos/dna/
â¨ºïÌÒ,Actinidia_chinensis,v1.0,public,Achn391201,null,ftp://bioinfo.bti.cornell.edu/pub/kiwifruit
â¨ºïÌÒ,Actinidia_chinensis,Red5_PS1_1.69.0,public,Acc33761,null,ftp://ftp.ncbi.nlm.nih.gov/genomes/all/GCA/003/024/255/GCA_003024255.1_Red5_PS1_1.69.0/GCA_003024255.1_Red5_PS1_1.69.0_genomic.fna.gz
ÑÁ³æ,Acyrthosiphon_pisum,GCA_000142985.2,public,ACYPI089300,null,ftp://ftp.ensemblgenomes.org/pub/release-32/metazoa/fasta/acyrthosiphon_pisum/dna/
ÑÁ³æ,Acyrthosiphon_pisum,Acyr_2.0,public,gene20944,LOC103311809,ftp://ftp.ncbi.nlm.nih.gov/genomes/all/GCF/000/142/985/GCF_000142985.2_Acyr_2.0/GCF_000142985.2_Acyr_2.0_genomic.fna.gz
ÒÁÎÃ,Aedes_aegypti,AaegL3,public,AaeL_AAEL014075,null,https://funcgen.vectorbase.org/downloads
ÐÜÃ¨,Ailuropoda_melanoleuca,ailMel1,public,gene7415,null,ftp://ftp.ncbi.nlm.nih.gov/genomes/all/GCF_000004335.2_AilMel_1.0
Á´¸ñæß,Alternaria_alternata,Altal1,public,gene13576,CC77DRAFT_1015022,https://www.ncbi.nlm.nih.gov/assembly/GCF_001642055.1/
Á´¸ñæß¾ú,Alternaria_alternata,ATCC66891,public,AAT_PG11635,AATCTG00499.jigsaw-gene.32,http://alternaria.vbi.vt.edu/index.html
·ïÀæ,Ananas_comosus,v3,public,Aco030726.v3,null,http://genome.jgi.doe.gov/pages/dynamicOrganismDownload.jsf?organism=PhytozomeV10
"ÂÌÍ·Ñ¼,±±¾©Ñ¼",Anas_platyrhynchos,White_Pekin_Duck_v4.0,public,gene16038,LOC101790705,
¼Ò¶ì,Anser_cygnoides,GCF_000971095.1,public,gene20854,LOC106029729,ftp://ftp.ncbi.nlm.nih.gov/genomes/all/GCF_000971095.1_AnsCyg_PRJNA183603_v1.0/
¼Ò¶ì,Anser_cygnoides,v1.0,public,ACY_016022,null,
Òâ·ä,Apis_mellifera,Amel_4.5,public,GB40045,null,ftp://ftp.ensemblgenomes.org/pub/metazoa/release-24/fasta/apis_mellifera/
"ÃÛ·ä,Å·ÖÞÃÛ·ä",Apis_mellifera,Amel_4.5_ncbi,public,gene14060,LOC725843,ftp://ftp.ncbi.nlm.nih.gov/genomes/all/GCF/000/002/195/GCF_000002195.4_Amel_4.5/GCF_000002195.4_Amel_4.5_genomic.fna.gz
ÄâÄÏ½æ,Arabidopsis_thaliana,TAIR10,public,ATMG01410,ORF204,ftp://ftp.ensemblgenomes.org/pub/plants/release-25/fasta/arabidopsis_thaliana/
Âû»¨Éú,Arachis_duranensis,v1.0,public,Aradu.VIL8H,null,http://peanutbase.org/files/genomes/Arachis_duranensis/
Âä»¨Éú,Arachis_ipaensis,K30076,public,Araip.KYH60,null,http://peanutbase.org/files/genomes/Arachis_ipaensis/annotation/
Â«Ëñ,Asparagus_officinalis,Aspof.V1,public,gene32235,LOC109828750,https://www.ncbi.nlm.nih.gov/assembly/GCF_001876935.1/
»ÆÇúÃ¹,Aspergillus_flavus,JCVI-afl1-v2.0,public,CADAFLAG00013487,AFLA_012560,http://fungi.ensembl.org/index.html
ºÚÇúÃ¹,Aspergillus_niger,ASM285v2,public,CADANGAG00014366,An19g00420,ftp://ftp.ensemblgenomes.org/pub/fungi/release-25/fasta/aspergillus_niger/
³öÑ¿¶Ì¹£Ã¹¾ú,Aureobasidium_pullulans,EXF.150,public,gene9999,null,ftp://ftp.ncbi.nlm.nih.gov/genomes/all/GCA_000721785.1_Aureobasidium_pullulans_var._pullulans_EXF-150_assembly_version_1.0
½ÛÐ¡ÊµÓ¬,Bactrocera_dorsalis,ASM78921v2,public,Zn800,null,https://www.ncbi.nlm.nih.gov/genome/?term=ASM78921v2
Ìð²Ë,Beta_vulgaris,RefBeet-1.2,public,Bv_019751z1263,null,http://bvseq.molgen.mpg.de/Genome/Download/RefBeet-1.2/
"Å·ÖÞ°×èë,°×èë",Betula_pendula,v1.2,public,99994,Bpev01.c1584.g0008,https://genomevolution.org/coge/api/v1/genomes/35079/sequence
°×·Û¾ú ,Blumeria_graminis,96224,public,gene999,BGT96224_762,http://www.ncbi.nlm.nih.gov/assembly/GCA_000418435.1/
¼Ò²Ï,Bombyx_mori,ASM15162v1,public,BGIBMGA014535,null,ftp://ftp.ensemblgenomes.org/pub/metazoa/release-24/fasta/bombyx_mori/
¼Ò²Ï,Bombyx_mori,v2.0,public,Bm_scaffold975_1,null,
Ò°êóÅ£,Bos_mutus,v2.0,public,gene21719,M91_21646,http://www.ncbi.nlm.nih.gov/genome/?term=yak
Å£,Bos_taurus,UMD3.1,public,ENSBTAG00000048317,null,http://www.ensembl.org/Bos_taurus/Info/Index
ÆÏÌÑæß¾úB05.10,Botrytis_cinerea_B05.10,ASM83294v1,public,Bcin09g07140,null,http://fungi.ensembl.org/index.html
¶þËë¶Ì±ú²Ý,Brachypodium_distachyon,v3.1,public,Bradi0180s00100.v3.1,Bradi0180s00100,https://phytozome.jgi.doe.gov/pz/portal.html#!info?alias=Org_Bdistachyon
½æ²Ë,Brassica_juncea,BjuABv1,public,BjuA002066,null,
ÓÍ²Ë,Brassica_napus,v4.1,public,BnaUnng05330D,null,http://www.genoscope.cns.fr/brassicanapus/data/
ÓÍ²Ë,Brassica_napus,ZS11,public,BnUnng0938780,null,http://ocri-genomics.org/Brassia_napus_genome_ZS11/data/genome_assembly/Brassica_napus_ZS11_genome_assemblyV201608.fa
ºÚ½æ,Brassica_nigra,BniBv1,public,BniB033726,null,
¸ÊÀ¶,Brassica_oleracea,v2.1,public,Bo03722s010,null,ftp://ftp.ensemblgenomes.org/pub/plants/release-25/fasta/brassica_oleracea/
´ó°×²Ë,Brassica_rapa,v1.5,public,Bra041174,null,ftp://brassicadb.org/Bra_Chromosome_V1.5/
ËÉ²ÄÏß³æ,Bursaphelenchus_xylophilus,v1.2,public,BUX.gene.c09995.1,null,"ftp://ftp.sanger.ac.uk/pub/pathogens/Bursaphelenchus/xylophilus/Assembly-v1.2/BurXv1.2.supercontigs.fa.gz,ftp://ftp.sanger.ac.uk/pub/pathogens/Bursaphelenchus/xylophilus/Assembly-v1.2/BUX.v1.2.phase_correct.gff3.gz"
ÐãÀöÒþ¸ËÏß³æ,Caenorhabditis_elegans,WBcel235,public,gene9999,pho-9,
²èÊ÷,Camellia_sinensis,v1,public,CSA029576,null,http://www.plantkingdomgdb.com/tea_tree/
ÈÈ´øÄîÖé¾úMYA-3404,Candida_tropicalis_MYA-3404,ASM633v2,public,gene:CTRG_00001,null,ftp://ftp.ensemblgenomes.org/pub/release-32/fungi/fasta/fungi_ascomycota1_collection/candida_tropicalis_mya_3404/dna/Candida_tropicalis_mya_3404.ASM633v2.dna.toplevel.fa.gz
ÈÞÉ½Ñò,Capra_hircus,GCA_000317765.2_CHIR_2.0,public,GENE_017577,null,ftp://ftp.ncbi.nlm.nih.gov/genomes/all/GCA_000317765.2_CHIR_2.0
ÈÞÉ½Ñò,Capra_hircus,GCF_000317765.1_CHIR_1.0,public,gene25775,LOC102176415,
ÈÞÉ½Ñò,Capra_hircus,ASM170441v1,public,gene28901,LOC108635563,ftp://ftp.ncbi.nlm.nih.gov/genomes/all/GCF/001/704/415/GCF_001704415.1_ASM170441v1/GCF_001704415.1_ASM170441v1_genomic.fna.gz
À±½·,Capsicum_annuum,PGAv.1.5,public,CA12g22370,null,http://peppergenome.snu.ac.kr/download.php
À±½·,Capsicum_annuum,Zunla-1_v2.0,public,Capana12g002926,null,http://peppersequence.genomics.cn/page/species/download.jsp
°åÀõ,Castanea_mollissima,v1.0,public,maker-scaffold04951-snap-gene-0.17,null,http://www.hardwoodgenomics.org/chinese-chestnut-genome
ëàÊó,Cavia_porcellus,cavPor3,public,ENSCPOG00000027619,null,http://asia.ensembl.org/Cavia_porcellus/Info/Annotation
ÇòÃ«¿ÇÃ¹CBS 148.51,Chaetomium_globosum_CBS_148.51,ASM14336v1,public,gene11231,CHGG_11118,ftp://ftp.ncbi.nlm.nih.gov/genomes/all/GCF/000/143/365/GCF_000143365.1_ASM14336v1/GCF_000143365.1_ASM14336v1_genomic.fna.gz
Þ¼Âó,Chenopodium_quinoa,ASM168347v1,public,gene58753,LOC110718345,ftp://ftp.ncbi.nlm.nih.gov/genomes/all/GCF/001/683/475/GCF_001683475.1_ASM168347v1/GCF_001683475.1_ASM168347v1_genomic.fna.gz
À³ÒðÒÂÔå,Chlamydomonas_reinhardtii,v5.5,public,Cre52.g761647,null,http://genome.jgi.doe.gov/pages/dynamicOrganismDownload.jsf?organism=PhytozomeV10
Ó¥×ì¶¹,Cicer_arietinum,ASM33114v1,public,gene27780,LOC101498847,ftp://ftp.ncbi.nlm.nih.gov/genomes/all/GCF/000/331/145/GCF_000331145.1_ASM33114v1
Î÷¹Ï,Citrullus_lanatus,97103v1,public,Cla023486,null,ftp://www.icugi.org/pub/genome/watermelon/97103/v1/
"¸ÌéÙ,¿ËÀïÂü¶¡ºìéÙ",Citrus_clementina,v1.0,public,Ciclev10030451m.g.v1.0,Ciclev10030451m.g,http://genome.jgi.doe.gov/pages/dynamicOrganismDownload.jsf?organism=Cclementina
èÖ×Ó,Citrus_maxima,v1.0,public,CgUng022200,null,http://citrus.hzau.edu.cn/orange/download/HWB.chromosome.fa.tar.gz
¸ÌéÙ,Citrus_sinensis,v1.0,public,orange1.1g044641m.g.v1.1,null,https://www.citrusgenomedb.org/species/sinensis/genome1.0
¸ÌéÙ,Citrus_sinensis,v2,public,orange1.1t06073,null,http://citrus.hzau.edu.cn/orange/download/index.php
°×ÄîÖé¾ú,Clavispora_lusitaniae_ATCC_42720,ASM167369v2_CGD,public,OVF11474.1,null,http://www.candidagenome.org/download/sequence/C_lusitaniae_CBS6936/current/C_lusitaniae_CBS6936_chromosomes.fasta.gz
½º°ûÌ¿¾Ò¾ú,Colletotrichum_gloeosporioides,Nara_gc-5v1,public,CGGC5_14033,null,ftp://ftp.ensemblgenomes.org/pub/fungi/release-25/fasta/colletotrichum_gloeosporioides/dna/
½º°ûÌ¿¾Ò¾ú,Colletotrichum_gloeosporioides,Cg-14v1,public,gene9999,CGLO_11088,ftp://ftp.ncbi.nlm.nih.gov/genomes/all/GCA_000446055.1_Colletotrichum_gloeosporioides1
³¤ÄµòÃ,Crassostrea_gigas,v9,public,CGI_10028939,null,ftp://climb.genomics.cn/pub/10.5524/100001_101000/100030/
²ÖÊó,Cricetulus_griseus,CriGri_1.0,public,gene28965,LOC103159066,ftp://ftp.ncbi.nlm.nih.gov/genomes/all/GCF/000/223/135/GCF_000223135.1_CriGri_1.0/GCF_000223135.1_CriGri_1.0_genomic.fna.gz
Ìð¹Ï,Cucumis_melo,v3.5.1,public,MELO3C001915,null,https://melonomics.net/files/Genome/Melon_genome_v3.5.1/
»Æ¹Ï,Cucumis_sativus,ChineseLong_v2,public,CsaUNG034390,null,ftp://www.icugi.org/pub/genome/cucumber/Chinese_long/v2/
"Ëñ¹Ï,Ó¡¶ÈÄÏ¹Ï",Cucurbita_maxima,v1.1,public,CmaCh20G011620,null,
ÖÐ¹úÄÏ¹Ï,Cucurbita_moschata,v1,public,CmoCh20G011890,null,
¸¥±È¶÷±Ï³à½ÍÄ¸,Cyberlindnera_fabianii,ASM198330v1,public,gene5508,BON22_5508,https://www.ncbi.nlm.nih.gov/assembly/GCA_001983305.1
Àð,Cyprinus_carpio,v1.0,public,cycg042813,null,http://www.carpbase.org/download_home.php
°ßÂíÓã,Danio_rerio,Zv9,public,ENSDARG00000095780,NLRX1      (7 of 39),ftp://ftp.ensembl.org/pub/release-62/fasta/danio_rerio/
°ßÂíÓã,Danio_rerio,GRCz10,public,gene9998,LOC103910773,
°ßÂíÓã,Danio_rerio,GRCz10.87,public,ENSDARG00000105838,or137-5,ftp://ftp.ensembl.org/pub/release-87/gtf/danio_rerio/
°ßÂíÓã,Danio_rerio,GRCz11,public,gene47356,LOC108179569,ftp://ftp.ncbi.nlm.nih.gov/genomes/all/GCF/000/002/035/GCF_000002035.6_GRCz11/GCF_000002035.6_GRCz11_genomic.fna.gz
ºúÂÜ²·,Daucus_carota,ASM162521v1,public,gene33501,DCAR_032463,ftp://ftp.ncbi.nlm.nih.gov/genomes/all/GCA_001625215.1_ASM162521v1/
ÌúÆ¤Ê¯õú,Dendrobium_catenatum,ASM160598v1,public,gene24993,LOC110094683,ftp://ftp.ncbi.nlm.nih.gov/genomes/all/GCF/001/605/985/GCF_001605985.1_ASM160598v1/GCF_001605985.1_ASM160598v1_genomic.fna.gz
"Ê¯Öñ,¿µÄËÜ°",Dianthus_caryophyllus,r1.0,public,Dca62626,null,ftp://ftp.kazusa.or.jp/pub/carnation/DCA_r1.0_scaffolds.fa.gz
Ä¾Ê­,Diaphorina_citri,version_1.1,public,gene20016,LOC108254538,ftp://ftp.ncbi.nlm.nih.gov/genomes/all/GCF/000/475/195/GCF_000475195.1_Diaci_psyllid_genome_assembly_version_1.1/GCF_000475195.1_Diaci_psyllid_genome_assembly_version_1.1_genomic.fna.gz
ÁúÑÛ,Dimocarpus_longan,v1,public,dlo_037756.1.gene,null,ftp://climb.genomics.cn/pub/10.5524/100001_101000/100276/
ºÚ¸¹¹ûÓ¬,Drosophila_melanogaster,BDGP6,public,FBgn0267795,CG32138,ftp://ftp.ensembl.org/pub/release-84/fasta/drosophila_melanogaster/dna/
ºÚ¸¹¹ûÓ¬,Drosophila_melanogaster,v1,public,DS10_00680001,null,http://spottedwingflybase.oregonstate.edu/
°ß³á¹ûÓ¬,Drosophila_suzukii,v1,public,DS10_00680001,null,http://spottedwingflybase.oregonstate.edu/
Âí,Equus_caballus,EquCab2,public,ENSECAG00000027695,ND3,ftp://ftp.ensembl.org/pub/release-84/fasta/equus_caballus/dna/Equus_caballus.EquCab2.dna.toplevel.fa.gz
"¿àÜñ,¿àÜñÂó",Fagopyrum_tataricum,Pinku1,public,FtPinG0005984500.01,null,http://www.mbkbase.org/Pinku1/
²ÝÝ®,Fragaria_vesca,v1.1,public,gene35233-v1.0-hybrid,null,http://www.rosaceae.org/species/fragaria/fragaria_vesca/genome_v1.1
²ÝÝ®,Fragaria_vesca,v2.0.a1,public,snap_masked-LG0-processed-gene-71.66,null,ftp://ftp.bioinfo.wsu.edu/species/Fragaria_vesca/Fvesca-genome.v2.0.a1/assembly/Fragaria_vesca_v2.0.a1_pseudomolecules.fasta.gz
²ÝÝ®,Fragaria_vesca,v2.0.a2,public,gene38758-v2.0.a2-hybrid,null,ftp://ftp.bioinfo.wsu.edu/species/Fragaria_vesca/Fvesca-genome.v2.0.a1/assembly/Fragaria_vesca_v2.0.a1_pseudomolecules.fasta.gz
²ÝÝ®,Fragaria_vesca,v4.0.a1,public,FvH4_c9g00050,null,ftp://ftp.bioinfo.wsu.edu/species/Fragaria_vesca/Fvesca-genome.v4.0.a1/assembly/Fragaria_vesca_v4.0.a1.fasta.gz
Ë®µ¾¶ñÃç²¡¾ú,Fusarium_fujikuroi,IMI58289_V2,public,FFUJ_02088,null,ftp://ftp.ncbi.nlm.nih.gov/genomes/all/GCA_900079805.1_Fusarium_fujikuroi_IMI58289_V2
ºÌ¹ÈÁ­µ¶¾ú,Fusarium_graminearum_PH-1,ASM24013v3,public,gene13725,FGSG_14026,ftp://ftp.ncbi.nlm.nih.gov/genomes/all/GCF/000/240/135/GCF_000240135.3_ASM24013v3/GCF_000240135.3_ASM24013v3_genomic.fna.gz
¼âæßÁ­µ¶¾ú,Fusarium_oxysporum,GCA_000149955.2_ASM14995v2,public,FOXG_22982,gene20339,ftp://ftp.ncbi.nlm.nih.gov/genomes/all/GCA_000149955.2_ASM14995v2/GCA_000149955.2_ASM14995v2_genomic.fna.gz
ÂÖ×´Á­µ¶¾ú,Fusarium_verticillioides,ASM14955v1,public,FVEG_09964,null,ftp://ftp.ncbi.nlm.nih.gov/genomes/all/GCA_000149555.1_ASM14955v1/
Ô­¼¦,Gallus_gallus,Galgal4,public,ENSGALG00000026228,null,ftp://ftp.ensembl.org/pub/release-75/fasta/gallus_gallus/
¼¦,Gallus_gallus,Gallus_gallus_5.0,public,gene26626,LOC100858934,https://www.ncbi.nlm.nih.gov/assembly/GCF_000002315.4/
ÒøÐÓ,Ginkgo_biloba,v1,public,gene.Gb_41840,null,http://gigadb.org/dataset/100209
´ó¶¹,Glycine_max,Wm82.a2.v1,public,Glyma.U045500.Wm82.a2.v1,null,https://phytozome.jgi.doe.gov/pz/portal.html#!info?alias=Org_Gmax
´ó¶¹,Glycine_max,V1.0,public,GLYMA0121S00240,null,ftp://ftp.ensemblgenomes.org/pub/plants/release-25/fasta/glycine_max/
ÑÇÖÞÃÞ,Gossypium_arboreum,v1.0,public,Cotton_A_41330,null,
º£µºÃÞ,Gossypium_barbadense,v1.0,public,Gbscaffold6990.1c,null,http://cotton.cropdb.org/cotton/download/data.php
º£µºÃÞ,Gossypium_barbadense,v1,public,GOBAR_AA21642,null,http://database.chgc.sh.cn/cotton/index.html;
ÃÞ»¨,Gossypium_hirsutum,TM-1_v1.1,public,evm.TU.Gh_Sca288207G01,EVM%20prediction%20Gh_Sca288207G01,http://mascotton.njau.edu.cn/info/1054/1118.htm
À×ÃÉµÂÊÏÃÞ,Gossypium_raimondii,v2.0,public,gene9527,null,ftp://ftp.ncbi.nlm.nih.gov/genomes/all/GCF_000327365.1_Graimondii2_0
À×ÃÉµÂÊÏÃÞ,Gossypium_raimondii,v2.1,public,Gorai.N028200.v2.1,null,https://www.cottongen.org/species/Gossypium_raimondii/jgi_genome_221
ÏòÈÕ¿û,Helianthus_annuus,HanXRQr1.0,public,gene9999,LOC110929225,ftp://ftp.ncbi.nlm.nih.gov/genomes/all/GCF/002/127/325/GCF_002127325.1_HanXRQr1.0/GCF_002127325.1_HanXRQr1.0_genomic.fna.gz
ÖÇÈË,Homo_sapiens,GRCh38,public,ENSG00000198727,MT-CYB,ftp://ftp.ensembl.org/pub/release-80/fasta/homo_sapiens/
ÖÇÈË,Homo_sapiens,GRCh37,public,ENSG00000269464,AC012067.1,http://grch37.ensembl.org/Homo_sapiens/Info/Annotation#assembly
´óÂó,Hordeum_vulgare,ASM32608v1,public,MLOC_82077,null,http://plants.ensembl.org/Hordeum_vulgare/Info/Annotation/#assembly
´óÂó,Hordeum_vulgare,PGSB_r1,public,HORVU0Hr1G040550,null,http://webblast.ipk-gatersleben.de/barley_ibsc/downloads/
¸ÊÊí,Ipomoea_batatas,v1,public,Tai6.44714,null,http://public-genomes-ngs.molgen.mpg.de/SweetPotato/DOWNLOADS/
ÈýÁÑÒ¶Êí,Ipomoea_triloba,NSP323.v3,public,itb15g24250,null,http://sweetpotato.plantbiology.msu.edu/gt4sp_download.shtml
Âé·èÊ÷,Jatropha_curcas,v4.5,public,Jcr4U39275.10,null,ftp://ftp.kazusa.or.jp/pub/jatropha/
Âé·èÊ÷,Jatropha_curcas,JatCur_1.0,public,gene27171,null,
ºËÌÒ,Juglans_regia,v1.0,public,WALNUT_00032018,null,
"Éú²Ë,Ý«ÜÄ",Lactuca_sativa,V8,public,Lsat_1_v5_gn_9_124081,null,https://genomevolution.org/CoGe/GenomeInfo.pl?gid=35223
»Ò·ÉÊ­,Laodelphax_striatella,v1,public,evm.TU.Contig11134.1,EVM%20prediction%20Contig11134.1,ftp://penguin.genomics.cn/pub/10.5524/100001_101000/100361/Laodelphax_striatellus.genome.fa.gz
Ê³Ð·ºï,Macaca_fascicularis,MacFas_5.0,public,ENSP00000350848_1,null,ftp://ftp.ensembl.org/pub/pre/fasta/dna/macaca_fascicularis/
â¨ºï,Macaca_mulatta,MMUL_1,public,ENSMMUG00000032626,HIST2H3D,ftp://ftp.ensembl.org/pub/release-84/fasta/macaca_mulatta/dna/
"µ¾ÎÁ²¡¾ú,µ¾ÎÁ¾ú",Magnaporthe_oryzae_70-15,MG8,public,gene13183,MGG_08028,ftp://ftp.ncbi.nlm.nih.gov/genomes/all/GCF/000/002/495/GCF_000002495.2_MG8/GCF_000002495.2_MG8_genomic.fna.gz
Æ»¹û,Malus_domestica,GDDH13_v1.1,public,MD17G1287700,null,ftp://ftp.bioinfo.wsu.edu/species/Malus_x_domestica/Malus_x_domestica-genome_GDDH13_v1.1/assembly/GDDH13_1-1_formatted.fasta.gz
Æ»¹û,Malus_x_domestica,v1.0,public,MDP0000950691,null,http://www.rosaceae.org/species/malus/malus_x_domestica/genome_v1.0p
´©É½¼×,Manis_javanica,ManJav1.0,public,gene9999,LOC108398258,
ÝðÞ¼ÜÙÞ£,Medicago_truncatula,MedtrA17_4.0,public,MTR_2177s0010,null,ftp://ftp.ensemblgenomes.org/pub/plants/release-28/fasta/medicago_truncatula/dna/
½ð²ÖÊó,Mesocricetus_auratus,MesAur1.0,public,gene27840,LOC101839372,ftp://ftp.ncbi.nlm.nih.gov/genomes/all/GCF/000/349/665/GCF_000349665.1_MesAur1.0/
»Æ÷­,Monopterus_albus,M_albus_1.0,public,gene24041,LOC109954440,https://www.ncbi.nlm.nih.gov/genome/?term=Monopterus+albus
Ð¡Êó,Mus_musculus,GRCm38,public,ENSMUSG00000096756,null,ftp://ftp.ensembl.org/pub/release-78/fasta/mus_musculus/
Ð¡Êó,Mus_musculus,NCBIM37_mm9,public,ENSMUSG00000093789,RP24-73K9.3,"ftp://ftp.ensembl.org/pub/release-67/fasta/mus_musculus/dna/Mus_musculus.NCBIM37.67.dna.toplevel.fa.gz,ftp://ftp.ensembl.org/pub/release-67/gtf/mus_musculus/Mus_musculus.NCBIM37.67.gtf.gz"
Ïã½¶,Musa_acuminata,v1.0,public,GSMUA_AchrUn_randomG29270_001.v1,null,http://genome.jgi.doe.gov/pages/dynamicOrganismDownload.jsf?organism=Macuminata
Ïã½¶,Musa_acuminata,ASM31385v1,public,gene33419,LOC103975221,
Ïã½¶,Musa_acuminata,PKWv1,public,ITC1587_BchrUn_random_G39913,null,http://banana-genome.cirad.fr/content/musa-balbisiana-pisang-klutuk--wulung
ºÉ»¨,Nelumbo_nucifera,v1,public,NNU_26685,null,http://lotus-db.wbgcas.cn/genome_download
Ð¡ÐÂ¿ÇËóæß¾ú,Neofusicoccum_parvum_UCRNP2,UCRNP2,public,UCRNP2_1,null,ftp://ftp.ncbi.nlm.nih.gov/genomes/all/GCF_000385595.1_UCRNP2V3
±¾ÉúÑÌ²Ý,Nicotiana_benthamiana,v0.4.4,public,NbS00062266g0001,null,ftp://ftp.solgenomics.net/genomes/Nicotiana_benthamiana/
ÑÌ²Ý,Nicotiana_tabacum,Ntab-K326,public,gene_9999,null,ftp://ftp.solgenomics.net/genomes/Nicotiana_tabacum/
ºÖ·ÉÊ­,Nilaparvata_lugens,insect.v1,public,BPHOGS10036724,null,http://www.insect-genome.com/data/download.php
Öìûq,Nipponia_nippon,ASM70822v1,public,gene15383,BAI3,ftp.ncbi.nlm.nih.gov/genomes/all/GCF/000/708/225/GCF_000708225.1_ASM70822v1/GCF_000708225.1_ASM70822v1_genomic.fna.gz
ÓÍéÏé­,Olea_europaea,Oe6,public,OE6A057533,null,http://denovo.cnag.cat/genomes/olive/
ÄáÂÞÂÞ·ÇÓã,Oreochromis_niloticus,Orenil1.0,public,ENSONIG00000020667,null,
Å·ÖÞÒ°ÍÃ,Oryctolagus_cuniculus,OryCun2.0,public,ENSOCUG00000029759,ZNF8,ftp://ftp.ensembl.org/pub/release-84/fasta/oryctolagus_cuniculus/dna/
Ë®µ¾,Oryza_sativa,IRGSP-1.0,public,Os12g0641500,null,"ftp://ftp.ensemblgenomes.org/pub/plants/release-24/fasta/oryza_sativa/,http://rapdb.dna.affrc.go.jp/download/archive/RAP-MSU_2016-08-05.txt.gz"
Ë®µ¾,Oryza_sativa,MSU_v7.0,public,ChrSy.fgenesh.gene.89,null,"ftp://ftp.plantbiology.msu.edu/pub/data/Eukaryotic_Projects/o_sativa/annotation_dbs/pseudomolecules/version_7.0/all.dir/,http://rapdb.dna.affrc.go.jp/download/archive/RAP-MSU_2016-08-05.txt.gz"
"ôÌµ¾,Ë®µ¾",Oryza_sativa,ASM465v1,public,BGIOSGA040249,null,http://plants.ensembl.org/Oryza_indica/Info/Index
"ôÌµ¾,Ë®µ¾,",Oryza_sativa,Zhenshan_97,public,ZSUN02g0012400,null,http://rice.hzau.edu.cn/rice/
"ôÌµ¾,Ë®µ¾,",Oryza_sativa,Minghui_63,public,MHUN02g0012500,null,http://rice.hzau.edu.cn/rice/
Ë®µ¾,Oryza_sativa,R498,public,OsR498G1120779000.01,null,http://www.mbkbase.org/R498/
ÃàÑò,Ovis_aries,Oar_v3.1,public,ENSOARG00000002064,null,ftp://ftp.ensembl.org/pub/release-78/fasta/ovis_aries/
ÃàÑò,Ovis_aries,Oar_v4.0,public,gene29285,LOC101107265,ftp://ftp.ncbi.nlm.nih.gov/genomes/all/GCF/000/298/735/GCF_000298735.2_Oar_v4.0/GCF_000298735.2_Oar_v4.0_genomic.fna.gz
ÈË²Î,Panax_ginseng,v1,public,maker-scaffold9999-snap-gene-0.9,null,http://ginseng.vicp.io:23488/index.php/index/download.html
ÁøÖ¦ð¢,Panicum_virgatum,v1.1,public,Pavir.J41128.v1.1,Pavir.J41128,http://genome.jgi.doe.gov/pages/dynamicOrganismDownload.jsf?organism=PhytozomeV11
ÖÐ»ª±î,Pelodiscus_sinensis,PelSin_1.0,public,ENSPSIG00000020346,GHRL,http://asia.ensembl.org/Pelodiscus_sinensis/Info/Index
ÇàÃ¹¾ú,Penicillium_digitatum,PHI26_v1,public,EKV06607.1,null,ftp://ftp.ncbi.nlm.nih.gov/genomes/all/GCA_000315665.1_PdigPHI26_v1
ÇàÃ¹¾ú,Penicillium_digitatum_PHI26,PdigPHI26_v1,public,EKV06607.1,null,ftp://ftp.ncbi.nlm.nih.gov/genomes/all/GCA_000315665.1_PdigPHI26_v1
Èý½ÇºÖÖ¸Ôå,Phaeodactylum_tricornutum,Phatr2,public,9989,null,http://genome.jgi.doe.gov/Phatr2/Phatr2.download.ftp.html
À±½·ÒßÃ¹¾ú,Phytophthora_capsici,Phyca11,public,Phyca11_51284,null,http://genome.jgi.doe.gov/Phyca11/Phyca11.download.ftp.html
Å·ÖÞÔÆÉ¼,Picea_abies,Chr_v1.0,public,MA_9999990g0010,null,ftp://plantgenie.org/Data/ConGenIE/Picea_abies/v1.0/
°×ÔÆÉ¼,Picea_glauca,PG29_v4.1,public,ABT39_MTgene1000,null,ftp://ftp.ncbi.nlm.nih.gov/genomes/all/GCA_000411955.5_PG29_v4.1/GCA_000411955.5_PG29_v4.1_genomic.fna.gz
ÒÁÈø_Äð¾Æ½ÍÄ¸,Pichia_and_Saccharomyces,merged_v1.0,public,gene2007,null,
¶«·½ÒÁÈø½ÍÄ¸,Pichia_kudriavzevii,v1.0,public,gene7106,JL09_g5093,ftp://ftp.ncbi.nlm.nih.gov/genomes/all/GCA_000764455.1_ASM76445v1/
¶«·½ÒÁÈø½ÍÄ¸,Pichia_kudriavzevii,ASM198332v1,public,gene5469,BOH78_5480,https://www.ncbi.nlm.nih.gov/assembly/GCA_001983325.1
»ð¾æËÉ,Pinus_taeda,v1.01,public,PITAhm_002178,null,http://dendrome.ucdavis.edu/ftp/Genome_Data/genome/pinerefseq/Pita/v1.01/
"²Ô¶úÖáËªÃ¹¾ú,»ô¶ûË¹µ¥ÖáÃ¹",Plasmopara_halstedii,GCA_900000015.1,public,gene15468,PHALS_04891,ftp://ftp.ncbi.nlm.nih.gov/genomes/all/GCA/900/000/015/GCA_900000015.1_Plasmopara_halstedii_genome/GCA_900000015.1_Plasmopara_halstedii_genome_genomic.fna.gz
Ð¡²Ë¶ê,Plutella_xylostella,DBM_FJ_V1.1,public,gene19350,LOC105397894,ftp://ftp.ncbi.nlm.nih.gov/genomes/all/GCF/000/330/985/GCF_000330985.1_DBM_FJ_V1.1/GCF_000330985.1_DBM_FJ_V1.1_genomic.fna.gz
ºúÑî,Populus_euphratica,PopEup_1.0,public,gene9999,LOC105127275,ftp://ftp.ncbi.nlm.nih.gov/genomes/all/GCF/000/495/115/GCF_000495115.1_PopEup_1.0
Ã«¹ûÑî,Populus_trichocarpa,v3.0,public,Potri.T182100.v3.0,Potri.T182100,http://phytozome.jgi.doe.gov/pz/portal.html#!search?show=KEYWORD&method=Org_Ptrichocarpa
Ã«¹ûÑî,Populus_trichocarpa,demo,public,Potri.T169900.v3.0,Potri.T169900,
Ã«¹ûÑî,Populus_trichocarpa,Poptr2_0,public,gene38815,null,https://www.ncbi.nlm.nih.gov/assembly/GCF_000002775.3/
Ã·»¨,Prunus_mume,P.mume_V1.0,public,gene26386,LOC107882121,ftp://ftp.ncbi.nlm.nih.gov/genomes/all/GCF/000/346/735/GCF_000346735.1_P.mume_V1.0/GCF_000346735.1_P.mume_V1.0_genomic.fna.gz
ÌÒ,Prunus_persica,v1.0,public,ppb025597m.g,null,ftp://ftp.bioinfo.wsu.edu/species/Prunus_persica/Prunus_persica-genome.v1.0/
ÌÒ,Prunus_persica,v2.0,public,Prupe.I006200.v2.1,null,http://genome.jgi.doe.gov/pages/dynamicOrganismDownload.jsf?organism=Ppersica
ÌÒ,Prunus_persica,v2.0_GDR,public,Prupe.I006200_v2.0.a1,Prupe.I006200,
ÂÌÅ§¼Ùµ¥°û¾ú,Pseudomonas_aeruginosa_PAO1,ASM676v1,public,gene133886,rpmH,http://www.pseudomonas.com/download.jsp
Î÷ÑóÀæ,Pyrus_communis,v1.0,public,PCP045217_v1.0,PCP045217,https://phytozome.jgi.doe.gov/pz/portal.html#%21info?alias=Org_Sitalica_er
°×Àæ,Pyrus_x_bretschneideri,Pbr_v1.0,public,gene42192,LOC103942947,https://www.ncbi.nlm.nih.gov/assembly/GCF_000315295.1/
°×Àæ,Pyrus_x_bretschneideri,V1.1,public,Pbr042641,null,http://peargenome.njau.edu.cn/allfile/4.Pyrus_bretschneideri_scaffold.gz
ÂÜ²·,Raphanus_sativus,RSA_r1.0,public,Rsa1.0_76592.1_g00001,null,ftp://ftp.kazusa.or.jp/pub/radish/
´óÊó,Rattus_norvegicus,Rnor_5.0,public,ENSRNOG00000051344,G6PC,ftp://ftp.ensembl.org/pub/release-78/fasta/rattus_norvegicus/
ºÖ¼ÒÊó,Rattus_norvegicus,Rn_Celera,public,gene9999,Try10,ftp://ftp.ncbi.nlm.nih.gov/genomes/all/GCF_000002265.2_Rn_Celera/
´óÊó,Rattus_norvegicus,Rnor_6.0,public,ENSRNOG00000062165,Rn60_3_0143.1,ftp://ftp.ensembl.org/pub/release-85/fasta/rattus_norvegicus/
´¨½ðË¿ºï,Rhinopithecus_roxellana,Rrox_v1,public,gene29838,null,ftp://ftp.ncbi.nlm.nih.gov/genomes/all/GCF/000/769/185/GCF_000769185.1_Rrox_v1/
¸ùÁö¾ú,Rhizobium_sp_h41,ASM75844v1,public,LW14_02010,null,ftp://ftp.ensemblgenomes.org/pub/bacteria/release-25/fasta/bacteria_85_collection/rhizobium_sp_h41/
±ÍÂé,Ricinus_communis,v0.1,public,60639.t00002.TIGRR0.1,null,
±ÍÂé,Ricinus_communis,Release_0.1,public,60639.t00002,null,http://castorbean.jcvi.org/castorbean_downloads.shtml
Äð¾Æ½ÍÄ¸,Saccharomyces_cerevisiae_S288C,R64-2-1,public,Q0297,null,http://downloads.yeastgenome.org/sequence/S288C_reference/genome_releases/
ÁøÊ÷,Salix_purpurea,v1.0,public,SapurV1A.9265s0010.v1.0,SapurV1A.9265s0010,https://phytozome.jgi.doe.gov/pz/portal.html#!info?alias=Org_Spurpurea
µ¤²Î,Salvia_miltiorrhiza,ndctcm,public,SMil_00012983,null,"ftp://danshen.ndctcm.org:10322,http://www.ndctcm.org/shujukujieshao/2015-04-23/27.html"
µ¤²Î,Salvia_miltiorrhiza,v1,public,SMil_00025143|size27774-processed-gene-0.3,null,
µ¤²Î,Salvia_miltiorrhiza,snnu_v1,public,SMil_00028345-augustus-gene-0.5,null,
ºËÅÌ¾ú,Sclerotinia_sclerotiorum,ASM14694v1,public,gene14636,SS1G_14522,https://www.ncbi.nlm.nih.gov/assembly/GCF_000146945.1/
±¾ºËÅÌ¾ú,Sclerotinia_sclerotiorum,ASM185786v1,public,gene11367,sscle_16g111300,https://www.ncbi.nlm.nih.gov/assembly/GCA_001857865.1/
´óÁâöÒ,Scophthalmus_maximus,sm5,public,SMAX5B003974,null,http://denovo.cnag.cat/genomes/turbot/download/sm5/sm5.scaffolds.fa.gz
Ö¥Âé,Sesamum_indicum,S_indicum_v1.0,public,gene26531,LOC105155357,https://www.ncbi.nlm.nih.gov/genome/11560?genome_assembly_id=49670
Ö¥Âé,Sesamum_indicum,v1.0,public,SIN_1000020,null,http://ocri-genomics.org/Sinbase/download/Sesamum_indicum_GA_pseudomolecules_unanchored_v1.0.tar.gz
¹È×Ó,Setaria_italica,Setaria_V2,public,Si040851m.g,null,https://phytozome.jgi.doe.gov/pz/portal.html#%21info?alias=Org_Sitalica_er
¹È×Ó,Setaria_italica,v2.2,public,Seita.1G000100,null,
¹·Î²²Ý,Setaria_viridis,v1.1,public,Sevir.J017500.v1.1,null,https://phytozome.jgi.doe.gov/pz/portal.html#!info?alias=Org_Sviridis
ÓñÃ×´ó°ß²¡¾úEt28A,Setosphaeria_turcica,Et28A_v1.0,public,gene9999,null,ftp://ftp.ncbi.nlm.nih.gov/genomes/all/GCF_000359705.1_Setospaeria_trucica_Et28A_v1.0/
·¬ÇÑ,Solanum_lycopersicum,SL2.40,public,Solyc12g100360.1,EMB80,ftp://ftp.ensemblgenomes.org/pub/plants/release-25/fasta/solanum_lycopersicum/
·¬ÇÑ,Solanum_lycopersicum,SL2.50,public,Solyc09g098770.1,null,ftp://ftp.ensemblgenomes.org/pub/release-32/plants/fasta/solanum_lycopersicum/dna
·¬ÇÑ,Solanum_lycopersicum,ITAG3.2,public,Solyc12g100357.1,null,https://solgenomics.net/organism/Solanum_lycopersicum/genome
ÇÑ×Ó,Solanum_melongena,SME_r2.5.1,public,Sme2.5_33859.1_g00001,null,ftp://ftp.kazusa.or.jp/pub/eggplant/
ÍÁ¶¹,Solanum_tuberosum,v4.03,public,PGSC0003DMG400033531,Gene of unknown function,http://solanaceae.plantbiology.msu.edu/pgsc_download.shtml
¸ßÁ»,Sorghum_bicolor,Sorbi1,public,Sb0351s002020,null,ftp://ftp.ensemblgenomes.org/pub/plants/release-25/fasta/sorghum_bicolor/
¸ßÁ»,Sorghum_bicolor,v2.1,public,Sobic.K044300,null,ftp://ftp.jgi-psf.org/pub/compgen/phytozome/v9.0/early_release/Sbicolor_v2.1/
¸ßÁ»,Sorghum_bicolor,NCBIv3,public,gene32749,LOC110431592,ftp://ftp.ncbi.nlm.nih.gov/genomes/all/GCF/000/003/195/GCF_000003195.3_Sorghum_bicolor_NCBIv3/GCF_000003195.3_Sorghum_bicolor_NCBIv3_genomic.gff.gz
Ò°Öí,Sus_scrofa,Sscrofa10.2,public,ENSSSCG00000031069,DEFB133,ftp://ftp.ensembl.org/pub/release-75/fasta/sus_scrofa/
Ò°Öí,Sus_scrofa,Sscrofa10.2_ncbi,public,gene9997,LOC102159576,ftp://ftp.ncbi.nlm.nih.gov/genomes/Sus_scrofa/
Ò°Öí,Sus_scrofa,Sscrofa11.1,public,ENSSSCG00000036375,null,"ftp://ftp.ensembl.org/pub/release-90/fasta/sus_scrofa/dna/,ftp://ftp.ensembl.org/pub/release-90/gff3/sus_scrofa"
¼¬°ûÄ¾Ã¹,Trichoderma_asperellum,CBS_433.97_v1.0,public,gene_14680,null,http://genome.jgi.doe.gov/Trias1/Trias1.home.html
ÀïÊÏÄ¾Ã¹,Trichoderma_reesei_QM6a,GCA_000167675.2,public,TRIREDRAFT_71173,null,ftp://ftp.ensemblgenomes.org/pub/fungi/release-38/fasta/trichoderma_reesei/dna/Trichoderma_reesei.GCA_000167675.2.dna.toplevel.fa.gz
ÂÌÄ¾Ã¹,Trichoderma_virens_Gv29-8,ASM17099v1,public,TRIVIDRAFT_9627,null,ftp://ftp.ensemblgenomes.org/pub/fungi/release-38/fasta/trichoderma_virens/dna/Trichoderma_virens.ASM17099v1.dna.toplevel.fa.gz
¶Ì¹Ü³àÑÛ·ä,Trichogramma_pretiosum,Tpre_2.0,public,gene13394,LOC106657818,ftp://ftp.ncbi.nlm.nih.gov/genomes/all/GCF/000/599/845/GCF_000599845.2_Tpre_2.0/GCF_000599845.2_Tpre_2.0_genomic.fna.gz
Ð¡Âó,Triticum_aestivum,TGACv1,public,TRIAE_CS42_U_TGACv1_735243_AA2174390,null,
Ð¡Âó,Triticum_aestivum,IWGSC_RefSeq_v1.0,public,TraesCSU01G272900,null,"https://urgi.versailles.inra.fr/download/iwgsc/IWGSC_RefSeq_Assemblies/v1.0/,https://urgi.versailles.inra.fr/download/iwgsc/IWGSC_RefSeq_Annotations/v1.0/?C=S;O=D"
ÂÖÖ¦¾ú,Verticillium_dahliae,vdls.17_1,public,VDAG_04933,null,
ÑòÍÕ,Vicugna_pacos,Vicugna_pacos2.0.2,public,gene25065,LOC102528694,https://www.ncbi.nlm.nih.gov/assembly/GCF_000164845.2
ÆÏÌÑ,Vitis_vinifera,IGGP_12x,public,VIT_19s0176g00140,null,"ftp://ftp.ensemblgenomes.org/pub/plants/release-25/fasta/vitis_vinifera/,ftp://ftp.ensemblgenomes.org/pub/plants/release-25/fasta/vitis_vinifera/"
ÆÏÌÑ,Vitis_vinifera,IGGP_12x.23,public,VIT_00s2887g00010,null,"ftp://ftp.ensemblgenomes.org/pub/release-23/plants/fasta/vitis_vinifera/dna/,ftp://ftp.ensemblgenomes.org/pub/release-23/plants/gff3/vitis_vinifera/Vitis_vinifera.IGGP_12x.23.gff3.gz"
ÜòÜß,Wolfiporia_cocos,MD-104_SS10_v1.0,public,gene_9999,jgi.p|Wolco1|80981,http://genome.jgi-psf.org/programs/fungi/index.jsf
»Æµ¥°û¾ú,Xanthomonas_albilineans_GPE_PC73,ASM8796v1,public,gene3261,VB87_RS00155,ftp://ftp.ncbi.nlm.nih.gov/genomes/all/GCF/000/087/965/GCF_000087965.2_ASM8796v1/GCF_000087965.2_ASM8796v1_genomic.fna.gz
ó¸òÜ,Xenopus_laevis,v9.1,public,Xelaev18047995m.g,null,http://www.xenbase.org/other/static/ftpDatafiles.jsp
×¦ó¸,Xenopus_tropicalis,v9.0,public,Xetrov90031008m.g,null,http://www.xenbase.org/other/static/ftpDatafiles.jsp
ÓñÃ×,Zea_mays,B73_RefGen_v2,public,GRMZM5G897755,null,ftp://ftp.ensemblgenomes.org/pub/plants/release-10/fasta/zea_mays/dna/
ÓñÃ×,Zea_mays,B73_RefGen_v3,public,GRMZM5G827556,null,ftp://ftp.ensemblgenomes.org/pub/plants/release-24/fasta/zea_mays/
ÓñÃ×,Zea_mays,B73_RefGen_v4,public,Zm00001d000233,null,ftp://ftp.ensemblgenomes.org/pub/release-32/plants/fasta/zea_mays/dna
ÔæÊ÷,Ziziphus_jujuba,version2_13chr,public,CCG020785,null,
Ôæ,Ziziphus_jujuba,ZizJuj_1.1,public,gene33323,LOC107410221,ftp://ftp.ncbi.nlm.nih.gov/genomes/all/GCF/000/826/755/GCF_000826755.1_ZizJuj_1.1/GCF_000826755.1_ZizJuj_1.1_genomic.fna.gz
Â³ÊÏ½ÍÄ¸,Zygosaccharomyces_rouxii,ASM2636v1,public,gene5322,ZYRO0G22572g,ftp://ftp.ncbi.nlm.nih.gov/genomes/all/GCF/000/026/365/GCF_000026365.1_ASM2636v1/GCF_000026365.1_ASM2636v1_genomic.fna.gz
